FirstName,LastName,Password
Hilary,Scroxton,te4xcf#456bxs
Kip,Bartczak,te4xcf#456bxs
Lilas,Bourges,te4xcf#456bxs
Shoshanna,Eberle,te4xcf#456bxs
Fulton,Slinn,te4xcf#456bxs
Ysabel,Renneke,te4xcf#456bxs
Ardyce,Rushbrook,te4xcf#456bxs
Kurt,Paff,te4xcf#456bxs
Nina,Beasleigh,te4xcf#456bxs
Jules,Tubble,te4xcf#456bxs
Errol,Gadsdon,te4xcf#456bxs
Joshuah,Gonnely,te4xcf#456bxs
Daune,Upton,te4xcf#456bxs
Derick,Tombs,te4xcf#456bxs
Veriee,Whyler,te4xcf#456bxs
Wanda,Druhan,te4xcf#456bxs
Torey,Conlon,te4xcf#456bxs
Gwenette,Pearlman,te4xcf#456bxs
Antonetta,Martinson,te4xcf#456bxs
Raeann,Klausen,te4xcf#456bxs
Yuri,Stoffers,te4xcf#456bxs
Marie-jeanne,Camell,te4xcf#456bxs
Kendra,Egentan,te4xcf#456bxs
Kirk,Hoffmann,te4xcf#456bxs
Gratia,Hilary,te4xcf#456bxs
Jerry,Galgey,te4xcf#456bxs
Genevieve,Light,te4xcf#456bxs
Martie,Schulken,te4xcf#456bxs
Brittany,Rankine,te4xcf#456bxs
Whitby,Burnyeat,te4xcf#456bxs
Becca,Lambdon,te4xcf#456bxs
Ashby,Kalderon,te4xcf#456bxs
Kristo,Labbez,te4xcf#456bxs
Boot,Finney,te4xcf#456bxs
Morena,Okenfold,te4xcf#456bxs
Frank,Deport,te4xcf#456bxs
Truda,Frontczak,te4xcf#456bxs
Samaria,Godney,te4xcf#456bxs
Averyl,Iskowicz,te4xcf#456bxs
Linoel,Flowerden,te4xcf#456bxs
Ronica,Gilman,te4xcf#456bxs
Chrysler,Duddell,te4xcf#456bxs
Gallard,Colombier,te4xcf#456bxs
Ulises,Blaine,te4xcf#456bxs
Gearard,McIlwreath,te4xcf#456bxs
Job,Nannini,te4xcf#456bxs
Torey,Richfield,te4xcf#456bxs
Hirsch,Torr,te4xcf#456bxs
Madlen,Maylard,te4xcf#456bxs
Mavra,Loud,te4xcf#456bxs
Claire,Render,te4xcf#456bxs
Anna,Goodred,te4xcf#456bxs
Elita,Tuley,te4xcf#456bxs
Robbin,Crickmer,te4xcf#456bxs
Ezri,Begin,te4xcf#456bxs
Teresita,Merriment,te4xcf#456bxs
Auroora,Muldowney,te4xcf#456bxs
Davy,Gerrelts,te4xcf#456bxs
Tome,McCreadie,te4xcf#456bxs
Fanchette,Lofthouse,te4xcf#456bxs
Freddie,Bernardy,te4xcf#456bxs
Clem,Consadine,te4xcf#456bxs
Mayne,Roxburgh,te4xcf#456bxs
Conrado,Meacher,te4xcf#456bxs
Rey,Baline,te4xcf#456bxs
Kimberley,Sant,te4xcf#456bxs
Ward,Berkery,te4xcf#456bxs
Gertruda,Jorge,te4xcf#456bxs
Maud,Downes,te4xcf#456bxs
Paulie,Gow,te4xcf#456bxs
Meir,Egginton,te4xcf#456bxs
Lou,Brooker,te4xcf#456bxs
Zita,Jeschner,te4xcf#456bxs
Sheila-kathryn,Edington,te4xcf#456bxs
Shaina,Hamel,te4xcf#456bxs
Renault,Leyninye,te4xcf#456bxs
Janifer,Halt,te4xcf#456bxs
Florri,Claybourne,te4xcf#456bxs
Jacintha,Deny,te4xcf#456bxs
Hersh,Biggin,te4xcf#456bxs
Gerald,Brunelleschi,te4xcf#456bxs
Micah,Gresley,te4xcf#456bxs
Gabbie,Garroch,te4xcf#456bxs
Angelico,Fitzer,te4xcf#456bxs
Carney,Veeler,te4xcf#456bxs
Cirilo,Puddifer,te4xcf#456bxs
Nathan,Ferraron,te4xcf#456bxs
Atlante,Harridge,te4xcf#456bxs
Sabine,Lantoph,te4xcf#456bxs
Missy,Mattessen,te4xcf#456bxs
Andreas,Klagges,te4xcf#456bxs
Liuka,McBrady,te4xcf#456bxs
Yankee,Boustred,te4xcf#456bxs
Barbra,McIlharga,te4xcf#456bxs
Sidoney,Caps,te4xcf#456bxs
Homer,Brunicke,te4xcf#456bxs
Townie,Heinschke,te4xcf#456bxs
Wadsworth,Jaggar,te4xcf#456bxs
Mendie,Paulat,te4xcf#456bxs
Rebbecca,Mathy,te4xcf#456bxs
Wang,Dullingham,te4xcf#456bxs
Rorke,Angerstein,te4xcf#456bxs
Caressa,Gonnely,te4xcf#456bxs
Rodge,Lafrentz,te4xcf#456bxs
Jewell,Breydin,te4xcf#456bxs
Derek,Goman,te4xcf#456bxs
Lester,Sabin,te4xcf#456bxs
Tadeo,Friett,te4xcf#456bxs
Lynne,Goshawk,te4xcf#456bxs
Lotta,D'Ambrosi,te4xcf#456bxs
Alicea,Cumpsty,te4xcf#456bxs
Susanna,McConachie,te4xcf#456bxs
Sutherland,Crabb,te4xcf#456bxs
Marcelle,Letten,te4xcf#456bxs
Georgie,Ruffli,te4xcf#456bxs
Ernie,Braywood,te4xcf#456bxs
Emma,Tubritt,te4xcf#456bxs
Francis,Osichev,te4xcf#456bxs
Von,Baskwell,te4xcf#456bxs
Farah,Twelves,te4xcf#456bxs
Christian,Cahani,te4xcf#456bxs
Kale,Marflitt,te4xcf#456bxs
Rip,Spinello,te4xcf#456bxs
Nikolaus,Loding,te4xcf#456bxs
Hervey,Hubbart,te4xcf#456bxs
Constantine,Jeaycock,te4xcf#456bxs
Bab,Waite,te4xcf#456bxs
Shoshana,Tuff,te4xcf#456bxs
Felice,Dwelling,te4xcf#456bxs
Calida,Fallen,te4xcf#456bxs
Petronille,Winsom,te4xcf#456bxs
Joshia,Minci,te4xcf#456bxs
Ian,Otley,te4xcf#456bxs
Elmore,Pitman,te4xcf#456bxs
Olivette,Farlham,te4xcf#456bxs
Suzette,Hinkes,te4xcf#456bxs
Waylan,Solomonides,te4xcf#456bxs
Piggy,Lowdham,te4xcf#456bxs
Lois,Najera,te4xcf#456bxs
Janetta,Cleave,te4xcf#456bxs
Carrissa,Gladdor,te4xcf#456bxs
Nealy,Breadon,te4xcf#456bxs
Clyve,Pirot,te4xcf#456bxs
Derby,Clorley,te4xcf#456bxs
Reina,Top,te4xcf#456bxs
Toma,Alten,te4xcf#456bxs
Birk,Clynman,te4xcf#456bxs
Ladonna,Drakes,te4xcf#456bxs
Darrel,Kliment,te4xcf#456bxs
Evin,Bolzen,te4xcf#456bxs
Darci,Rowney,te4xcf#456bxs
Christean,Frisch,te4xcf#456bxs
Coop,Padefield,te4xcf#456bxs
Norri,Trewhela,te4xcf#456bxs
Bendicty,Bendson,te4xcf#456bxs
Constantia,Colleton,te4xcf#456bxs
Crista,Gellett,te4xcf#456bxs
Elden,Scrivener,te4xcf#456bxs
Tish,Paolo,te4xcf#456bxs
Trueman,Disdel,te4xcf#456bxs
Herb,Yeowell,te4xcf#456bxs
Rodrigo,Craise,te4xcf#456bxs
Van,Wharram,te4xcf#456bxs
Khalil,Beckingham,te4xcf#456bxs
Agnella,Pinniger,te4xcf#456bxs
Aleda,Bedson,te4xcf#456bxs
Brittani,Lappine,te4xcf#456bxs
Zea,Davidofski,te4xcf#456bxs
Poul,Touzey,te4xcf#456bxs
Egon,Gendricke,te4xcf#456bxs
Dorotea,Thurstance,te4xcf#456bxs
Tawnya,Elcome,te4xcf#456bxs
Filmer,Thornton,te4xcf#456bxs
Munmro,MacGeffen,te4xcf#456bxs
Dmitri,Darrach,te4xcf#456bxs
Jeromy,Thurborn,te4xcf#456bxs
Ferrell,Recke,te4xcf#456bxs
See,Chadbourne,te4xcf#456bxs
Tabbitha,Imlacke,te4xcf#456bxs
Gerrard,Entwisle,te4xcf#456bxs
Eba,Bohan,te4xcf#456bxs
Arabel,Malyon,te4xcf#456bxs
Brigid,Ferrucci,te4xcf#456bxs
Gizela,Tassaker,te4xcf#456bxs
Jonie,Mosley,te4xcf#456bxs
Nathanil,McVeagh,te4xcf#456bxs
Ignatius,Cregan,te4xcf#456bxs
Koral,Bridgman,te4xcf#456bxs
Lorry,Priest,te4xcf#456bxs
Leupold,Killby,te4xcf#456bxs
Danice,Proven,te4xcf#456bxs
Abbi,Dayce,te4xcf#456bxs
Bronson,Embleton,te4xcf#456bxs
Templeton,Rassell,te4xcf#456bxs
Luce,Arnoll,te4xcf#456bxs
Dosi,Atlay,te4xcf#456bxs
Berton,Bettles,te4xcf#456bxs
Kaycee,Fauning,te4xcf#456bxs
Kelley,Birdall,te4xcf#456bxs
Reg,Gleadhell,te4xcf#456bxs
Carine,Bogart,te4xcf#456bxs
Dodi,Perico,te4xcf#456bxs
Gail,Wegener,te4xcf#456bxs
Josepha,Kubach,te4xcf#456bxs
Lew,Pales,te4xcf#456bxs
Frederic,Belward,te4xcf#456bxs
Tripp,Foad,te4xcf#456bxs
Ellswerth,Groll,te4xcf#456bxs
Adrianne,Bartkiewicz,te4xcf#456bxs
Gasper,Lethby,te4xcf#456bxs
Seward,Badsworth,te4xcf#456bxs
Cilka,Pleasaunce,te4xcf#456bxs
Paola,Kolakowski,te4xcf#456bxs
Angela,Mazdon,te4xcf#456bxs
Janey,Menere,te4xcf#456bxs
Hailey,Rutter,te4xcf#456bxs
Vivianne,Matovic,te4xcf#456bxs
Nikaniki,Cotesford,te4xcf#456bxs
Tyler,Chesshire,te4xcf#456bxs
Grange,Marzelle,te4xcf#456bxs
Martino,Croyser,te4xcf#456bxs
Cozmo,Jakov,te4xcf#456bxs
Noby,Hartley,te4xcf#456bxs
Laural,Orable,te4xcf#456bxs
Darlleen,Lygoe,te4xcf#456bxs
Goddart,Ludewig,te4xcf#456bxs
Leonidas,Harbin,te4xcf#456bxs
Tremaine,Sowrah,te4xcf#456bxs
Antons,Lissett,te4xcf#456bxs
Anallese,Wanell,te4xcf#456bxs
Garret,Mayne,te4xcf#456bxs
Virginia,Gammell,te4xcf#456bxs
Kahaleel,Summerton,te4xcf#456bxs
Raymond,Origin,te4xcf#456bxs
Sonia,Beden,te4xcf#456bxs
Aliza,Glamart,te4xcf#456bxs
Torey,Strauss,te4xcf#456bxs
Klara,Dun,te4xcf#456bxs
Skyler,Halbard,te4xcf#456bxs
Dallas,Kincla,te4xcf#456bxs
Sandro,Coalburn,te4xcf#456bxs
Kimbell,Scintsbury,te4xcf#456bxs
Jock,Steinham,te4xcf#456bxs
Verna,Aloway,te4xcf#456bxs
Stafani,Wyer,te4xcf#456bxs
Margalit,Louys,te4xcf#456bxs
Randy,McGinnell,te4xcf#456bxs
Freddi,Feckey,te4xcf#456bxs
Corinna,Barbara,te4xcf#456bxs
Drucy,Kimmings,te4xcf#456bxs
Gillie,Abbotts,te4xcf#456bxs
Rollo,Lismore,te4xcf#456bxs
Aurora,Jenkyn,te4xcf#456bxs
Tyrus,Balcock,te4xcf#456bxs
Reinwald,Olle,te4xcf#456bxs
Steffen,Shivell,te4xcf#456bxs
Jeffie,Rohloff,te4xcf#456bxs
Kayle,Sawdon,te4xcf#456bxs
Dacey,Ingerith,te4xcf#456bxs
Codee,Foulks,te4xcf#456bxs
Ranique,Furbank,te4xcf#456bxs
Daffy,Speakman,te4xcf#456bxs
Ailina,Avison,te4xcf#456bxs
Dwight,Colbrun,te4xcf#456bxs
Toni,Yglesias,te4xcf#456bxs
Benedict,Cockill,te4xcf#456bxs
Min,Riseley,te4xcf#456bxs
Lizbeth,Farnan,te4xcf#456bxs
Lyn,Blackaby,te4xcf#456bxs
Maible,Dell,te4xcf#456bxs
Nils,Stot,te4xcf#456bxs
Giacomo,Milton,te4xcf#456bxs
Garret,Moorerud,te4xcf#456bxs
Yalonda,Domingues,te4xcf#456bxs
Guillemette,Asals,te4xcf#456bxs
Torey,Goggey,te4xcf#456bxs
Tedmund,Hannon,te4xcf#456bxs
Jedediah,Bierling,te4xcf#456bxs
Tirrell,Jurn,te4xcf#456bxs
Keven,Balshen,te4xcf#456bxs
Christiano,Markus,te4xcf#456bxs
Annice,Prosser,te4xcf#456bxs
Tyrus,McRoberts,te4xcf#456bxs
Wes,O'Curneen,te4xcf#456bxs
Ceciley,Coke,te4xcf#456bxs
Harbert,Howels,te4xcf#456bxs
Roz,Giacomuzzo,te4xcf#456bxs
Tammie,Skoyles,te4xcf#456bxs
Thomas,Winkless,te4xcf#456bxs
Merrily,Vasichev,te4xcf#456bxs
Hinze,Jellings,te4xcf#456bxs
Tiphany,Collinwood,te4xcf#456bxs
Frankie,Mounce,te4xcf#456bxs
Regen,Gavin,te4xcf#456bxs
Tish,Van der Velde,te4xcf#456bxs
Giles,Bleackly,te4xcf#456bxs
Bobbye,Cundey,te4xcf#456bxs
Cointon,Mead,te4xcf#456bxs
Shannan,Paige,te4xcf#456bxs
Aluin,Beakes,te4xcf#456bxs
Pierson,Sauter,te4xcf#456bxs
Ryon,Danzey,te4xcf#456bxs
Abigale,Pitney,te4xcf#456bxs
Frederica,Rubinsohn,te4xcf#456bxs
Norby,Coate,te4xcf#456bxs
Esme,Tryme,te4xcf#456bxs
Kendal,Tarbin,te4xcf#456bxs
Orville,Esherwood,te4xcf#456bxs
Davidde,Youel,te4xcf#456bxs
Blaine,Seacroft,te4xcf#456bxs
Katherine,McTaggart,te4xcf#456bxs
Haroun,Skellington,te4xcf#456bxs
Joe,Dodgshon,te4xcf#456bxs
Eryn,Dibbert,te4xcf#456bxs
Becki,Midford,te4xcf#456bxs
Valerye,Rasper,te4xcf#456bxs
Barnebas,Meneyer,te4xcf#456bxs
Jackie,Itzkovsky,te4xcf#456bxs
Gardie,Czyz,te4xcf#456bxs
Kory,Hair,te4xcf#456bxs
Anabelle,Holcroft,te4xcf#456bxs
Bettye,Artrick,te4xcf#456bxs
Mayor,Abrahart,te4xcf#456bxs
Warren,Eddow,te4xcf#456bxs
Elsey,Valentin,te4xcf#456bxs
Arlette,Aitchison,te4xcf#456bxs
Fritz,Oglesbee,te4xcf#456bxs
Dorelia,Salleir,te4xcf#456bxs
Sherwood,Lemar,te4xcf#456bxs
Kassi,McCandless,te4xcf#456bxs
Kristos,De Cristofalo,te4xcf#456bxs
Michelle,Grigor,te4xcf#456bxs
Mellisent,Mosey,te4xcf#456bxs
Granger,Anthes,te4xcf#456bxs
Leia,Eick,te4xcf#456bxs
Jobina,Denge,te4xcf#456bxs
Natty,Belfrage,te4xcf#456bxs
Anne-corinne,Sakins,te4xcf#456bxs
Dillon,Ruske,te4xcf#456bxs
Starla,Ilyunin,te4xcf#456bxs
Helenelizabeth,Brizland,te4xcf#456bxs
Samson,Postle,te4xcf#456bxs
Westleigh,De Michetti,te4xcf#456bxs
Neville,Shields,te4xcf#456bxs
Richie,Dietz,te4xcf#456bxs
Rubina,Compston,te4xcf#456bxs
Cheslie,Marcum,te4xcf#456bxs
Gwyneth,Karel,te4xcf#456bxs
Veronika,Blanket,te4xcf#456bxs
Codie,Caddick,te4xcf#456bxs
Mikol,Cloney,te4xcf#456bxs
Mathilde,Redwall,te4xcf#456bxs
Lydon,Binny,te4xcf#456bxs
Derward,Inchboard,te4xcf#456bxs
Tarra,Silber,te4xcf#456bxs
Berri,Sellan,te4xcf#456bxs
Pamelina,Applegarth,te4xcf#456bxs
Vonnie,Caves,te4xcf#456bxs
Gladys,Alyutin,te4xcf#456bxs
Shadow,Delos,te4xcf#456bxs
Christiana,Halley,te4xcf#456bxs
Roddy,Hawick,te4xcf#456bxs
Daryle,Lansberry,te4xcf#456bxs
Gelya,Nicklen,te4xcf#456bxs
Rube,Wagnerin,te4xcf#456bxs
Brooks,Fruchter,te4xcf#456bxs
Audy,Seamark,te4xcf#456bxs
Genevieve,Powder,te4xcf#456bxs
Remus,Nieass,te4xcf#456bxs
Gilberte,Elfe,te4xcf#456bxs
Diane-marie,Brumby,te4xcf#456bxs
Marcie,Cubbino,te4xcf#456bxs
Herbert,Munning,te4xcf#456bxs
Florencia,Kobke,te4xcf#456bxs
Deina,Pascoe,te4xcf#456bxs
Carlin,Hens,te4xcf#456bxs
Reube,Burchmore,te4xcf#456bxs
Desirae,Portigall,te4xcf#456bxs
El,Enrique,te4xcf#456bxs
Berton,Blackborough,te4xcf#456bxs
Tobiah,Erett,te4xcf#456bxs
Drusilla,McClaughlin,te4xcf#456bxs
Ario,Aynold,te4xcf#456bxs
Wenda,Rogans,te4xcf#456bxs
Bradly,Burgoine,te4xcf#456bxs
Durand,Fielder,te4xcf#456bxs
Beverly,Cutmare,te4xcf#456bxs
Sig,Krollmann,te4xcf#456bxs
Hettie,Earnshaw,te4xcf#456bxs
Elias,Mitchener,te4xcf#456bxs
Cornela,Staff,te4xcf#456bxs
Julienne,Dilleston,te4xcf#456bxs
Fransisco,Whorlton,te4xcf#456bxs
Constantino,Frostdicke,te4xcf#456bxs
Pearline,Dehm,te4xcf#456bxs
Glad,McKibben,te4xcf#456bxs
Donalt,Verralls,te4xcf#456bxs
Land,Lythgoe,te4xcf#456bxs
Jeramie,Cavey,te4xcf#456bxs
Cyb,Stent,te4xcf#456bxs
Audry,Sankey,te4xcf#456bxs
Darya,Hofer,te4xcf#456bxs
Alejoa,Torricina,te4xcf#456bxs
Miguelita,Murrill,te4xcf#456bxs
Fabian,McNelis,te4xcf#456bxs
Taite,Taber,te4xcf#456bxs
Darbee,Hedde,te4xcf#456bxs
Natka,Meharry,te4xcf#456bxs
Daisi,Liddle,te4xcf#456bxs
Lyle,Kubu,te4xcf#456bxs
Galen,Roulston,te4xcf#456bxs
Ellary,Rush,te4xcf#456bxs
Alexa,Gheeorghie,te4xcf#456bxs
Ruy,Moxham,te4xcf#456bxs
Renado,Corck,te4xcf#456bxs
Berty,Cholonin,te4xcf#456bxs
Kristel,Kummerlowe,te4xcf#456bxs
Cchaddie,Davidove,te4xcf#456bxs
Iosep,Bartzen,te4xcf#456bxs
Wallie,Baseke,te4xcf#456bxs
Silvain,Duding,te4xcf#456bxs
Damiano,Larkworthy,te4xcf#456bxs
Ardine,Nockolds,te4xcf#456bxs
Robinet,Cowthard,te4xcf#456bxs
Clywd,Groome,te4xcf#456bxs
Jessalyn,Passmore,te4xcf#456bxs
Annabal,Coules,te4xcf#456bxs
Virge,Niccolls,te4xcf#456bxs
Pace,Arnet,te4xcf#456bxs
Pearce,Hounsham,te4xcf#456bxs
Teressa,Tanner,te4xcf#456bxs
Simona,Wynrahame,te4xcf#456bxs
Emogene,Kemetz,te4xcf#456bxs
Donovan,Zannotelli,te4xcf#456bxs
May,Edbrooke,te4xcf#456bxs
Mercedes,Aps,te4xcf#456bxs
Gilly,Mattisssen,te4xcf#456bxs
Jannel,Rosenkranc,te4xcf#456bxs
Roderigo,Raecroft,te4xcf#456bxs
Moyna,Pelz,te4xcf#456bxs
Jordan,Aindrais,te4xcf#456bxs
Lorinda,Craney,te4xcf#456bxs
Merrily,Gyngell,te4xcf#456bxs
Rhonda,Goldthorpe,te4xcf#456bxs
Vyky,Grimsell,te4xcf#456bxs
Kip,Barber,te4xcf#456bxs
Keene,Hadfield,te4xcf#456bxs
Maurise,Arnaldo,te4xcf#456bxs
Eydie,Jirousek,te4xcf#456bxs
Fremont,Padkin,te4xcf#456bxs
Diane,Cousens,te4xcf#456bxs
Moises,Gommey,te4xcf#456bxs
Sapphira,Peaker,te4xcf#456bxs
Ajay,Aymerich,te4xcf#456bxs
Ivonne,Zuan,te4xcf#456bxs
Emmi,Huckster,te4xcf#456bxs
Jarrett,Bottell,te4xcf#456bxs
Jae,Lilburn,te4xcf#456bxs
Jillane,Lafford,te4xcf#456bxs
Mathew,Abells,te4xcf#456bxs
Sidney,Brimfield,te4xcf#456bxs
Karlotta,Litterick,te4xcf#456bxs
Tanitansy,Porritt,te4xcf#456bxs
Devi,Mulholland,te4xcf#456bxs
Garvey,Heninghem,te4xcf#456bxs
Pauline,Heinsh,te4xcf#456bxs
Victoir,Lammert,te4xcf#456bxs
Berkly,Crofts,te4xcf#456bxs
Sid,Croome,te4xcf#456bxs
Tina,Pratten,te4xcf#456bxs
Faina,Bridgeland,te4xcf#456bxs
Alameda,Giannazzo,te4xcf#456bxs
Stanwood,Baugham,te4xcf#456bxs
Rice,Paireman,te4xcf#456bxs
Agretha,Hanes,te4xcf#456bxs
Salaidh,Darkins,te4xcf#456bxs
Halimeda,Greenstead,te4xcf#456bxs
Frances,Kleynermans,te4xcf#456bxs
Holly,Ormonde,te4xcf#456bxs
Mollie,Shillaker,te4xcf#456bxs
Rhodie,Verrills,te4xcf#456bxs
Witty,Gipps,te4xcf#456bxs
Lorinda,Nettleship,te4xcf#456bxs
Joseito,Stoffels,te4xcf#456bxs
Adham,MacGilpatrick,te4xcf#456bxs
Martynne,Adolfson,te4xcf#456bxs
Wade,O'Shavlan,te4xcf#456bxs
Maressa,Labon,te4xcf#456bxs
Torrance,Kmietsch,te4xcf#456bxs
Jerald,Keedwell,te4xcf#456bxs
Mallory,Nellies,te4xcf#456bxs
Hadleigh,Misk,te4xcf#456bxs
Kellyann,Piers,te4xcf#456bxs
Nico,Witchard,te4xcf#456bxs
Hieronymus,Beamiss,te4xcf#456bxs
Tisha,Nazair,te4xcf#456bxs
Cassandra,Fishpond,te4xcf#456bxs
Brew,Brecher,te4xcf#456bxs
Avivah,Rock,te4xcf#456bxs
Alicea,Impey,te4xcf#456bxs
Jenni,Sieghart,te4xcf#456bxs
Rawley,Feldon,te4xcf#456bxs
Rori,Idel,te4xcf#456bxs
Wenonah,Kainz,te4xcf#456bxs
Meryl,Newitt,te4xcf#456bxs
Jeannette,Dewing,te4xcf#456bxs
Lennard,Caltun,te4xcf#456bxs
Corby,Gomm,te4xcf#456bxs
Cristin,Walsh,te4xcf#456bxs
Ollie,Riba,te4xcf#456bxs
Rivi,Straniero,te4xcf#456bxs
Arlee,Rosbotham,te4xcf#456bxs
Sigismondo,Duchesne,te4xcf#456bxs
Lucian,Blaycock,te4xcf#456bxs
Gordy,Bridgnell,te4xcf#456bxs
Mei,Wrates,te4xcf#456bxs
Patty,Jurries,te4xcf#456bxs
Corbin,Asquith,te4xcf#456bxs
Charil,Cubbino,te4xcf#456bxs
Noble,Have,te4xcf#456bxs
Brendon,Needs,te4xcf#456bxs
Kin,Dundridge,te4xcf#456bxs
Yule,Gorgl,te4xcf#456bxs
Charmine,Borell,te4xcf#456bxs
Lark,Kirwin,te4xcf#456bxs
Mar,Kinkade,te4xcf#456bxs
Chandal,Greedy,te4xcf#456bxs
Giffie,Halifax,te4xcf#456bxs
Bendite,Vowles,te4xcf#456bxs
Dmitri,Bladge,te4xcf#456bxs
Lyn,Rosencwaig,te4xcf#456bxs
Fidelia,Coleshill,te4xcf#456bxs
Joy,Tythacott,te4xcf#456bxs
Bordy,Millington,te4xcf#456bxs
Ibby,Ixor,te4xcf#456bxs
Brianna,Pays,te4xcf#456bxs
Clement,Robinett,te4xcf#456bxs
Ernestine,Lent,te4xcf#456bxs
Jennine,Cornu,te4xcf#456bxs
Kelcey,Graham,te4xcf#456bxs
Killian,Walhedd,te4xcf#456bxs
Franzen,Bengal,te4xcf#456bxs
Denny,Balint,te4xcf#456bxs
Ninnetta,Ivoshin,te4xcf#456bxs
Taite,Daunter,te4xcf#456bxs
Sheilakathryn,Stoyle,te4xcf#456bxs
Gerome,Mockes,te4xcf#456bxs
Peggie,McGilvray,te4xcf#456bxs
Erich,Osichev,te4xcf#456bxs
Ursuline,Reis,te4xcf#456bxs
Raye,Beebis,te4xcf#456bxs
Roger,Scrine,te4xcf#456bxs
Elizabeth,Clare,te4xcf#456bxs
Louisa,Labes,te4xcf#456bxs
Annmarie,Dallon,te4xcf#456bxs
Rebekkah,Kubera,te4xcf#456bxs
Nicolai,Marl,te4xcf#456bxs
Merwyn,Cuphus,te4xcf#456bxs
Dar,Tulloch,te4xcf#456bxs
Anna-maria,Knocker,te4xcf#456bxs
Etienne,Alphege,te4xcf#456bxs
Kiel,Bourgour,te4xcf#456bxs
Rollin,Tenney,te4xcf#456bxs
Malynda,Chappell,te4xcf#456bxs
Frazer,Seres,te4xcf#456bxs
Cullie,Menis,te4xcf#456bxs
Karil,Dudden,te4xcf#456bxs
Willem,Dubique,te4xcf#456bxs
Poppy,Paice,te4xcf#456bxs
Claus,Izatt,te4xcf#456bxs
Sawyere,Kofax,te4xcf#456bxs
Pamelina,Concannon,te4xcf#456bxs
Tallou,Gensavage,te4xcf#456bxs
Susette,Bozward,te4xcf#456bxs
Andie,Allnatt,te4xcf#456bxs
Dillie,Coutthart,te4xcf#456bxs
Marco,Velez,te4xcf#456bxs
Pandora,Reiglar,te4xcf#456bxs
Seana,Hebborne,te4xcf#456bxs
Cliff,Frankiewicz,te4xcf#456bxs
Gabi,Zanolli,te4xcf#456bxs
Adah,Rymill,te4xcf#456bxs
Nealy,Southeran,te4xcf#456bxs
Cal,Bolderstone,te4xcf#456bxs
Fanny,Swansborough,te4xcf#456bxs
Siobhan,Loveland,te4xcf#456bxs
Ingar,Patillo,te4xcf#456bxs
Aurore,Engledow,te4xcf#456bxs
Torin,Leggett,te4xcf#456bxs
Beverley,Brymner,te4xcf#456bxs
Filip,Gohier,te4xcf#456bxs
Harold,McGuffog,te4xcf#456bxs
Winslow,Fernihough,te4xcf#456bxs
Lambert,Braunroth,te4xcf#456bxs
Derrick,Wason,te4xcf#456bxs
Joela,Muttitt,te4xcf#456bxs
Fayth,Farries,te4xcf#456bxs
Paolina,Lighterness,te4xcf#456bxs
Karie,Wayt,te4xcf#456bxs
Evelina,Doick,te4xcf#456bxs
Davidson,Bourgour,te4xcf#456bxs
Niven,Blaise,te4xcf#456bxs
Georg,Wychard,te4xcf#456bxs
Tine,Garbutt,te4xcf#456bxs
Nev,Romushkin,te4xcf#456bxs
Ottilie,Mengo,te4xcf#456bxs
Lilyan,Farnall,te4xcf#456bxs
Alexis,Gellion,te4xcf#456bxs
Dinah,Currum,te4xcf#456bxs
Aldridge,Martinovsky,te4xcf#456bxs
Auberta,Beange,te4xcf#456bxs
Willy,Tamplin,te4xcf#456bxs
Fionna,Delamere,te4xcf#456bxs
Emma,Daggett,te4xcf#456bxs
Cecile,McAirt,te4xcf#456bxs
Natale,Airlie,te4xcf#456bxs
Kerwin,Scurrer,te4xcf#456bxs
Karlen,Titterell,te4xcf#456bxs
Brien,Stebbin,te4xcf#456bxs
Casandra,Edmondson,te4xcf#456bxs
Silvester,Cozens,te4xcf#456bxs
Agustin,Melliard,te4xcf#456bxs
Dorice,Mallen,te4xcf#456bxs
Reyna,Torra,te4xcf#456bxs
Olav,Greenroad,te4xcf#456bxs
Christine,Tudball,te4xcf#456bxs
Aleen,Pink,te4xcf#456bxs
Zahara,Philipet,te4xcf#456bxs
Chantalle,Tales,te4xcf#456bxs
Byrann,Egdal,te4xcf#456bxs
Vivianne,Berrycloth,te4xcf#456bxs
Randell,Desborough,te4xcf#456bxs
Timi,Tabary,te4xcf#456bxs
Gherardo,Pinks,te4xcf#456bxs
Deeanne,Marder,te4xcf#456bxs
Gerardo,Freda,te4xcf#456bxs
Thurston,Murname,te4xcf#456bxs
Rivalee,Lobe,te4xcf#456bxs
Orin,McMennum,te4xcf#456bxs
Marielle,Strutt,te4xcf#456bxs
Lovell,Caustic,te4xcf#456bxs
Regan,Strike,te4xcf#456bxs
Nevsa,Cocke,te4xcf#456bxs
Glynis,Ranken,te4xcf#456bxs
Maurice,Getten,te4xcf#456bxs
Jarrad,Crutchfield,te4xcf#456bxs
Lorna,Vlies,te4xcf#456bxs
Quincey,Joiner,te4xcf#456bxs
Norris,Emlyn,te4xcf#456bxs
Zsa zsa,Verissimo,te4xcf#456bxs
Drugi,Sherme,te4xcf#456bxs
Garwood,McGuigan,te4xcf#456bxs
Cilka,Fullun,te4xcf#456bxs
Adeline,Dominick,te4xcf#456bxs
Welsh,Barrat,te4xcf#456bxs
Arnoldo,Othen,te4xcf#456bxs
Jephthah,Ferrarotti,te4xcf#456bxs
Emmery,Lokier,te4xcf#456bxs
Tommy,Cadney,te4xcf#456bxs
Alison,Metzing,te4xcf#456bxs
Wadsworth,Ede,te4xcf#456bxs
Britney,Broadhurst,te4xcf#456bxs
Layton,Gaye,te4xcf#456bxs
Rois,Kneesha,te4xcf#456bxs
Laural,Clerke,te4xcf#456bxs
Crosby,Millard,te4xcf#456bxs
Rancell,Ilsley,te4xcf#456bxs
Silva,Penrith,te4xcf#456bxs
Ardelle,Brimham,te4xcf#456bxs
Bronny,Richarson,te4xcf#456bxs
Thorvald,Kiffin,te4xcf#456bxs
Danyette,Tettersell,te4xcf#456bxs
Silvio,Ladyman,te4xcf#456bxs
Elle,Hinkensen,te4xcf#456bxs
Fletch,Pauleau,te4xcf#456bxs
Malina,Attyeo,te4xcf#456bxs
Ethel,Steventon,te4xcf#456bxs
Gherardo,Gaitskell,te4xcf#456bxs
Launce,Poyner,te4xcf#456bxs
Hestia,Tremble,te4xcf#456bxs
Brianne,Hansen,te4xcf#456bxs
Nickey,Geram,te4xcf#456bxs
Em,Norcutt,te4xcf#456bxs
Brigid,De Ruggero,te4xcf#456bxs
Quincy,Metschke,te4xcf#456bxs
Zahara,Lyes,te4xcf#456bxs
Carmine,Harrad,te4xcf#456bxs
Bathsheba,Simeons,te4xcf#456bxs
Reggy,Pracy,te4xcf#456bxs
Rosabelle,Larvor,te4xcf#456bxs
Shelly,Krause,te4xcf#456bxs
Klaus,Arpin,te4xcf#456bxs
Hadria,Chastenet,te4xcf#456bxs
Chan,Awcoate,te4xcf#456bxs
Earlie,Olsson,te4xcf#456bxs
Egan,Lovitt,te4xcf#456bxs
Annalise,Horsey,te4xcf#456bxs
Padraic,Muzzillo,te4xcf#456bxs
Aleksandr,Shorton,te4xcf#456bxs
Audrye,Jaze,te4xcf#456bxs
Curtice,McLardie,te4xcf#456bxs
Patrizia,Zimmer,te4xcf#456bxs
Kimberlee,Spencer,te4xcf#456bxs
Leah,Leveritt,te4xcf#456bxs
Elisha,Lucian,te4xcf#456bxs
Ailee,Densun,te4xcf#456bxs
Dion,Ciani,te4xcf#456bxs
Valli,Lapwood,te4xcf#456bxs
Leia,Hamnet,te4xcf#456bxs
Keriann,Gellert,te4xcf#456bxs
Mort,Matusovsky,te4xcf#456bxs
Valentina,Semkins,te4xcf#456bxs
Leland,MacTrustam,te4xcf#456bxs
Garvin,Gillingham,te4xcf#456bxs
Colby,Kaas,te4xcf#456bxs
Tyne,Gobell,te4xcf#456bxs
Glen,Coping,te4xcf#456bxs
Yelena,Skule,te4xcf#456bxs
Deanna,Keefe,te4xcf#456bxs
Elsy,Brumbie,te4xcf#456bxs
Nikolaos,Coan,te4xcf#456bxs
Donalt,Whiff,te4xcf#456bxs
Fawn,O'Halleghane,te4xcf#456bxs
Jerad,Underdown,te4xcf#456bxs
Sybilla,Huikerby,te4xcf#456bxs
Wiley,Stockoe,te4xcf#456bxs
Luther,Akrigg,te4xcf#456bxs
Avigdor,Gloucester,te4xcf#456bxs
Olivier,Schimaschke,te4xcf#456bxs
Chilton,Lamberteschi,te4xcf#456bxs
Shani,Laville,te4xcf#456bxs
Odille,Michel,te4xcf#456bxs
Bernetta,Temple,te4xcf#456bxs
Darius,Balsom,te4xcf#456bxs
Sawyer,Karchewski,te4xcf#456bxs
Larry,Fleg,te4xcf#456bxs
Algernon,Wyatt,te4xcf#456bxs
Teresa,Bewly,te4xcf#456bxs
Connie,Vignal,te4xcf#456bxs
Drusie,Bray,te4xcf#456bxs
Wakefield,Foulks,te4xcf#456bxs
Terrell,Clother,te4xcf#456bxs
Isac,Keenleyside,te4xcf#456bxs
Hans,Klimkiewich,te4xcf#456bxs
Chick,Willbourne,te4xcf#456bxs
Salem,Muckle,te4xcf#456bxs
Allan,Pettican,te4xcf#456bxs
Gaspard,Gatheridge,te4xcf#456bxs
Anatola,Syms,te4xcf#456bxs
Cleon,Eadon,te4xcf#456bxs
Kellby,Maling,te4xcf#456bxs
Farrand,Bogace,te4xcf#456bxs
Beckie,Kunisch,te4xcf#456bxs
Glynn,Heritege,te4xcf#456bxs
Barn,Boulder,te4xcf#456bxs
Chevalier,Groom,te4xcf#456bxs
Glynis,Hardcastle,te4xcf#456bxs
Friedrich,Ricciardiello,te4xcf#456bxs
Lin,Crose,te4xcf#456bxs
Casar,De Michele,te4xcf#456bxs
Keely,Whereat,te4xcf#456bxs
Adrea,Gendricke,te4xcf#456bxs
Daven,Musker,te4xcf#456bxs
Jourdain,Bonallick,te4xcf#456bxs
Ulrica,Whetton,te4xcf#456bxs
Marley,MacPaik,te4xcf#456bxs
Earl,O'Doireidh,te4xcf#456bxs
Maudie,Joul,te4xcf#456bxs
Sibelle,Sackur,te4xcf#456bxs
Sven,Cleugh,te4xcf#456bxs
Delano,Karoly,te4xcf#456bxs
Preston,Toe,te4xcf#456bxs
Nikki,Delahunty,te4xcf#456bxs
Lammond,Mellon,te4xcf#456bxs
Tirrell,Ciccone,te4xcf#456bxs
Jaclin,Sherebrooke,te4xcf#456bxs
Sargent,Izakof,te4xcf#456bxs
Rodney,Camidge,te4xcf#456bxs
Arlena,Stannus,te4xcf#456bxs
Lolly,Davidde,te4xcf#456bxs
Kurt,Crommett,te4xcf#456bxs
Kaye,Simoes,te4xcf#456bxs
Leonelle,Eyer,te4xcf#456bxs
Nickolas,Chippindall,te4xcf#456bxs
Robbert,Trotton,te4xcf#456bxs
Rebecca,Tomeo,te4xcf#456bxs
Lyndsie,Houlworth,te4xcf#456bxs
Ad,Lewsie,te4xcf#456bxs
Audry,Auton,te4xcf#456bxs
Kirbie,Saice,te4xcf#456bxs
Joane,Tryhorn,te4xcf#456bxs
Heida,Crowcum,te4xcf#456bxs
Catriona,Rhodus,te4xcf#456bxs
Gloriane,Chappelow,te4xcf#456bxs
Patience,Clementi,te4xcf#456bxs
Huntley,McLaggan,te4xcf#456bxs
Elmo,Ludy,te4xcf#456bxs
Ignacio,Chart,te4xcf#456bxs
Ruthe,Joannidi,te4xcf#456bxs
Creight,Bootyman,te4xcf#456bxs
Jeremie,Mossman,te4xcf#456bxs
Ferdy,Leathwood,te4xcf#456bxs
Aubree,Custy,te4xcf#456bxs
Mara,Dannohl,te4xcf#456bxs
Rica,Gentreau,te4xcf#456bxs
Andreas,Gee,te4xcf#456bxs
Rodge,Meni,te4xcf#456bxs
Brigida,Tollady,te4xcf#456bxs
Amberly,Bellany,te4xcf#456bxs
Denny,Leeb,te4xcf#456bxs
Nikolaus,De Ferraris,te4xcf#456bxs
Miles,Fernao,te4xcf#456bxs
Eddi,Faircloth,te4xcf#456bxs
Taylor,Moorerud,te4xcf#456bxs
Spencer,Scarse,te4xcf#456bxs
Christoforo,Veronique,te4xcf#456bxs
Jyoti,Whitehurst,te4xcf#456bxs
Talbert,Curm,te4xcf#456bxs
Spenser,Gwilt,te4xcf#456bxs
Gerhardt,Dikes,te4xcf#456bxs
Denyse,Fillary,te4xcf#456bxs
Colette,Scroggie,te4xcf#456bxs
Dulcinea,Coffee,te4xcf#456bxs
Biddie,Kuhlen,te4xcf#456bxs
Anitra,Salzberg,te4xcf#456bxs
Devonne,Helversen,te4xcf#456bxs
Lance,Dunning,te4xcf#456bxs
Licha,Godly,te4xcf#456bxs
Shir,Newband,te4xcf#456bxs
Gabriellia,Hurford,te4xcf#456bxs
Drona,Lamdin,te4xcf#456bxs
Robbie,Hodgets,te4xcf#456bxs
Giacinta,Lathom,te4xcf#456bxs
Oralle,Reddel,te4xcf#456bxs
Conn,Hawsby,te4xcf#456bxs
Gilli,Flower,te4xcf#456bxs
Parke,Jolland,te4xcf#456bxs
Peder,Newvell,te4xcf#456bxs
Sidonnie,Sego,te4xcf#456bxs
Christiana,Hum,te4xcf#456bxs
Walther,Staggs,te4xcf#456bxs
Obediah,Semerad,te4xcf#456bxs
Maxim,Backshill,te4xcf#456bxs
Onofredo,Mac Geaney,te4xcf#456bxs
Elliott,Walter,te4xcf#456bxs
Blaire,Weale,te4xcf#456bxs
Olympe,Symon,te4xcf#456bxs
Ewell,Whenman,te4xcf#456bxs
Deck,Massingham,te4xcf#456bxs
Filip,Mapledoore,te4xcf#456bxs
Giulio,Greswell,te4xcf#456bxs
Bryanty,Sharpe,te4xcf#456bxs
Rheta,Blachford,te4xcf#456bxs
Gerry,Scheu,te4xcf#456bxs
Janie,Stearnes,te4xcf#456bxs
Neville,Leving,te4xcf#456bxs
Freemon,Boyat,te4xcf#456bxs
Tiffany,Harry,te4xcf#456bxs
Dario,Swithenby,te4xcf#456bxs
Rosabelle,Scholtis,te4xcf#456bxs
Bernhard,Eastman,te4xcf#456bxs
Glori,Fairweather,te4xcf#456bxs
Correy,Bilbrook,te4xcf#456bxs
Tobe,Radley,te4xcf#456bxs
Thalia,Vannuccinii,te4xcf#456bxs
Jedidiah,Gatheridge,te4xcf#456bxs
Mayor,Crankshaw,te4xcf#456bxs
Melodee,Burbage,te4xcf#456bxs
Branden,Minster,te4xcf#456bxs
Roosevelt,Blenkinship,te4xcf#456bxs
Juana,Siggee,te4xcf#456bxs
Eddi,Gerish,te4xcf#456bxs
Skippie,Hundley,te4xcf#456bxs
Marty,Rainey,te4xcf#456bxs
Mannie,Pusill,te4xcf#456bxs
Terri,Cancellieri,te4xcf#456bxs
Roxine,Christofor,te4xcf#456bxs
Ambrose,Sallier,te4xcf#456bxs
Georgie,Swigg,te4xcf#456bxs
Cheri,Milliken,te4xcf#456bxs
Krystal,Tefft,te4xcf#456bxs
Krisha,Cavendish,te4xcf#456bxs
Horten,Gallaccio,te4xcf#456bxs
Starla,Favelle,te4xcf#456bxs
Rory,Letson,te4xcf#456bxs
Kerwin,Lingfoot,te4xcf#456bxs
Ken,Grigoli,te4xcf#456bxs
Ambrosius,Heller,te4xcf#456bxs
Gladys,Irlam,te4xcf#456bxs
Mommy,Chatteris,te4xcf#456bxs
Vasily,Dayment,te4xcf#456bxs
Jemie,Ferbrache,te4xcf#456bxs
Kincaid,Statter,te4xcf#456bxs
Janek,Miere,te4xcf#456bxs
Kalil,Gainsford,te4xcf#456bxs
Gunilla,Royden,te4xcf#456bxs
Alie,Redfearn,te4xcf#456bxs
Cale,Aitkenhead,te4xcf#456bxs
Johnnie,McArdell,te4xcf#456bxs
Prissie,Burberry,te4xcf#456bxs
Ginger,Jeffree,te4xcf#456bxs
Damiano,MacDonnell,te4xcf#456bxs
Minor,Grigaut,te4xcf#456bxs
Rachael,Mallam,te4xcf#456bxs
Aaren,Storks,te4xcf#456bxs
Harwilll,Macari,te4xcf#456bxs
Fleur,Ferro,te4xcf#456bxs
Lisle,Playle,te4xcf#456bxs
Teodor,Vellden,te4xcf#456bxs
Kermit,Vesque,te4xcf#456bxs
Jocelin,Ettles,te4xcf#456bxs
Giordano,Cowherd,te4xcf#456bxs
Gretta,Leggon,te4xcf#456bxs
Merle,Guiel,te4xcf#456bxs
Jeffy,Pentecust,te4xcf#456bxs
Mick,Knightsbridge,te4xcf#456bxs
Caralie,Digle,te4xcf#456bxs
Mattie,Fountaine,te4xcf#456bxs
Hayward,Kuschel,te4xcf#456bxs
Jonah,Barnett,te4xcf#456bxs
Beryl,Yong,te4xcf#456bxs
Alfonse,Zanetto,te4xcf#456bxs
Carmelita,Mayoh,te4xcf#456bxs
Dwain,MacKall,te4xcf#456bxs
Niles,Kubasek,te4xcf#456bxs
Deb,Cashin,te4xcf#456bxs
Smith,Licciardo,te4xcf#456bxs
Darrelle,Gaul,te4xcf#456bxs
Sanford,Seathwright,te4xcf#456bxs
Valeda,Meagh,te4xcf#456bxs
Damian,Whewell,te4xcf#456bxs
Mavra,Snawdon,te4xcf#456bxs
Sonni,McDonell,te4xcf#456bxs
Eugenio,Studholme,te4xcf#456bxs
Marcus,Elphinston,te4xcf#456bxs
Chere,Darnbrough,te4xcf#456bxs
Hodge,Peddel,te4xcf#456bxs
Annetta,Kirkbright,te4xcf#456bxs
Karl,Slatford,te4xcf#456bxs
Lanie,Chieco,te4xcf#456bxs
Eldon,Dunbobbin,te4xcf#456bxs
Vyky,Yendall,te4xcf#456bxs
Stormi,Falconbridge,te4xcf#456bxs
Branden,Rosenstock,te4xcf#456bxs
Paquito,Coolson,te4xcf#456bxs
Ajay,Sinkings,te4xcf#456bxs
Blake,Loy,te4xcf#456bxs
Paxton,Lobb,te4xcf#456bxs
Chrissie,Jessep,te4xcf#456bxs
Florrie,Castard,te4xcf#456bxs
Eliot,Bulger,te4xcf#456bxs
Camala,Frank,te4xcf#456bxs
Hilliard,Basant,te4xcf#456bxs
Gard,Kelsey,te4xcf#456bxs
Adolphus,Corkan,te4xcf#456bxs
Berne,Gammie,te4xcf#456bxs
Rivy,Serotsky,te4xcf#456bxs
Brandy,Forstall,te4xcf#456bxs
Yurik,Gartin,te4xcf#456bxs
Hobart,Friend,te4xcf#456bxs
Maximo,Ffoulkes,te4xcf#456bxs
Mada,Wilfinger,te4xcf#456bxs
Ruddy,Tallon,te4xcf#456bxs
Nikola,Pavolini,te4xcf#456bxs
Leeann,Gillson,te4xcf#456bxs
Wendell,Taw,te4xcf#456bxs
Charin,Fetter,te4xcf#456bxs
